date,close,ExactBestMajorReversals,4DaysAheadTwoState,BuyIfNotSell,SellIfNotBuy,TwoStateMajorReversals,,counter,TwoStDayAfterMajRev,2StBDayAftSDayBefore,2StBDayAftSDayOf,DayAfterMajorReversal,4_days_ahead_TARGET,5pct_20day_TARGET,5pct_10day_TARGET,2_5pct_5day_TARGET,vix,candleHeight,6_day_SMA ,pct_Diff_from_6_day_SMA,Slope_6_Day_SMA,4_day_SMA,Slope_4_day_SMA,newHighs1Y,newLows1Y,CHLI_1Y,newHighs1M,newLows1M,CHLI_1M,newHighs2W,newLows2W,CHLI_2W,newHighs1W,newLows1W,CHLI_1W,advancedIssues,declinedIssues,ADV_Issues,advancedVolume,declinedVolume,ADV_Vol,advancedIssuesComp,declinedIssuesComp,ADV_Issues_Comp,advancedVolumeComp,declinedVolumeComp,ADV_Vol_Comp,PutCallRatio,PutCallRatio100,ImpVol,daysToEarnings,daysToDividend,TenYearFuturesContract,TwoYearFuturesContract,2yr_Yield,10yr_Yield,2yr_pct_chg,10yr_pct_chg,10yr_2yr_diff,10_2_diff_pct_chg
1/2/2015,27.3325,HOLD,SELL,BUY,SELL,SELL,,1,SELL,SELL,SELL,HOLD,HOLD,BUY,HOLD,HOLD,1,0.515,28.00583333,1,1,27.884,-0.097,69,29,0.704081561,223,102,0.686153825,384,1222,0.239103361,572,"1,222",1,1162,1521,0.433097278,176344,216581,0.448798117,1181,1555,0.431652045,"658,097","757,234",0.464977451,N/A,N/A,0.3375,-16,-23,127.25,109.3281,0.669,2.114,-0.0045,-0.0258,1.445,-0.0354
1/5/2015,26.5625,HOLD,SELL,BUY,SELL,BUY,,2,SELL,SELL,SELL,HOLD,HOLD,BUY,HOLD,BUY,2,0.51,27.76583333,2,2,27.405,-0.16,52,50,0.509803872,193,201,0.489847703,346,1250,0.216791979,482,"1,250",2,801,1926,0.293729372,87246,413139,0.174357745,801,1958,0.29032258,"349,401","1,406,537",0.198982538,N/A,N/A,0.3747,-15,-22,127.7969,109.3359,0.665,2.034,-0.006,-0.0378,1.369,-0.0526
1/6/2015,26.565,HOLD,SELL,BUY,SELL,SELL,,3,SELL,SELL,SELL,HOLD,HOLD,BUY,HOLD,BUY,3,0.105,27.44375,3,3,27.014,-0.13,41,90,0.312977075,161,461,0.25884244,253,1564,0.139240506,330,"1,564",3,631,2085,0.232326951,128808,465803,0.216625659,656,2115,0.236737639,"502,663","1,631,913",0.235486111,N/A,N/A,0.3782,-14,-21,128.5,109.4141,0.629,1.938,-0.0541,-0.0472,1.309,-0.0438
1/7/2015,26.9375,HOLD,SELL,BUY,SELL,BUY,,4,SELL,SELL,SELL,HOLD,HOLD,BUY,HOLD,HOLD,4,0.1425,27.18708333,4,4,26.849,-0.055,65,74,0.467625866,183,248,0.424593958,301,688,0.304347823,375,688,4,1808,869,0.675382889,361477,133405,0.730430689,1854,880,0.678127284,"1,374,489","550,596",0.713988733,N/A,N/A,0.3644,-13,-20,128.3594,109.4453,0.617,1.969,-0.0191,0.016,1.352,0.0328
1/8/2015,27.9725,HOLD,SELL,BUY,SELL,SELL,,5,SELL,SELL,SELL,HOLD,HOLD,BUY,HOLD,SELL,5,0.665,27.16083333,5,5,27.009,0.053,101,46,0.687074783,303,94,0.763224162,495,263,0.653034292,729,263,5,2014,682,0.747032638,474157,97433,0.829540405,2043,704,0.74372042,"1,655,081","385,722",0.810994986,N/A,N/A,0.3762,-12,-19,128.0938,109.4688,0.609,2.018,-0.013,0.0249,1.409,0.0422
1/9/2015,28.0025,HOLD,SELL,BUY,SELL,BUY,,6,SELL,SELL,SELL,HOLD,HOLD,BUY,HOLD,SELL,6,0.165,27.22875,6,6,27.369,0.12,89,51,0.63571424,245,158,0.607940432,365,390,0.483443702,505,390,6,926,1740,0.347336833,158985,295670,0.349682726,924,1810,0.337966348,"627,356","1,051,400",0.373702909,N/A,N/A,0.3844,-11,-18,128.75,109.5625,0.565,1.95,-0.0722,-0.0337,1.385,-0.017
1/12/2015,27.3125,HOLD,BUY,BUY,SELL,SELL,,7,SELL,SELL,SELL,HOLD,HOLD,BUY,HOLD,HOLD,7,0.8375,27.22541667,7,7,27.556,0.062,91,103,0.469072141,269,342,0.440261859,364,691,0.345023693,483,691,7,1025,1676,0.379489077,189761,313645,0.376954188,1054,1700,0.382716048,"737,427","1,058,345",0.410646229,N/A,N/A,0.4056,-10,-17,129.125,109.6094,0.549,1.909,-0.0283,-0.021,1.36,-0.0181
1/13/2015,27.555,HOLD,BUY,BUY,SELL,BUY,,8,SELL,SELL,SELL,HOLD,BUY,BUY,HOLD,HOLD,8,0.3025,27.39083333,8,8,27.711,0.051,133,123,0.51953123,370,349,0.514603609,473,675,0.412020902,773,675,8,1307,1373,0.487686565,229365,367014,0.384596037,1318,1398,0.485272458,"819,595","1,297,790",0.387078873,N/A,6.1785,0.3966,-9,-16,129.2188,109.625,0.541,1.905,-0.0146,-0.0021,1.364,0.0029
1/14/2015,27.45,HOLD,BUY,BUY,SELL,SELL,,9,SELL,SELL,SELL,HOLD,BUY,BUY,BUY,HOLD,9,0.19,27.53833333,9,9,27.58,-0.044,54,157,0.255924158,158,501,0.239757204,198,996,0.165829144,280,996,9,954,1740,0.354120266,181137,375492,0.325417828,990,1745,0.361974405,"686,926","1,345,897",0.337917271,N/A,0.6185,0.4119,-8,-15,129.5938,109.7188,0.501,1.855,-0.0739,-0.0262,1.354,-0.0073
1/15/2015,26.705,HOLD,BUY,BUY,SELL,BUY,,10,SELL,SELL,SELL,HOLD,BUY,BUY,BUY,BUY,10,0.8075,27.49958333,10,10,27.256,-0.108,40,156,0.204081622,118,538,0.179878046,176,1182,0.129602355,258,"1,182",10,583,2120,0.215686274,80462,470711,0.145983203,598,2155,0.21721758,"327,895","1,602,429",0.169865266,N/A,0.5533,0.4417,-7,-14,130.8281,109.8984,0.42,1.728,-0.1617,-0.0685,1.308,-0.034
1/16/2015,26.4975,BUY,BUY,BUY,BUY,SELL,,11,SELL,SELL,SELL,HOLD,BUY,BUY,BUY,BUY,11,0.26,27.25375,11,11,27.052,-0.068,48,122,0.282352925,140,403,0.257826883,190,843,0.183930298,309,843,11,2047,641,0.761532735,462168,112977,0.803567796,2073,668,0.756293321,"1,491,898","448,916",0.768697052,N/A,0.3098,0.4145,-6,-13,129.7812,109.7656,0.488,1.831,0.1619,0.0596,1.343,0.0268
1/20/2015,27.18,BUY,BUY,BUY,BUY,BUY,,12,BUY,BUY,BUY,BUY,BUY,BUY,BUY,HOLD,12,0.22,27.11666667,12,12,26.958,-0.031,96,124,0.436363617,250,383,0.394944702,383,669,0.364068438,578,669,12,1121,1592,0.413195723,258869,236364,0.522721628,1126,1638,0.407380606,"903,143","893,024",0.502816832,N/A,0.0383,0.3775,-5,-12,129.9688,109.7344,0.499,1.791,0.0225,-0.0218,1.292,-0.038
1/21/2015,27.3875,BUY,BUY,BUY,BUY,SELL,,13,BUY,BUY,BUY,BUY,BUY,BUY,BUY,BUY,13,0.15,27.12916667,13,13,26.943,-0.005,49,115,0.29878047,178,381,0.318425755,282,693,0.289230766,602,693,13,1109,1571,0.413805969,267458,218924,0.549892883,1150,1591,0.419554905,"1,003,807","797,906",0.557140344,N/A,0,0.3777,-4,-11,129.3125,109.7109,0.511,1.875,0.024,0.0469,1.364,0.0557
1/22/2015,28.1,BUY,BUY,BUY,BUY,BUY,,14,BUY,BUY,BUY,BUY,BUY,BUY,BUY,BUY,14,0.515,27.22,14,14,27.291,0.116,74,87,0.459627301,235,303,0.436802966,447,587,0.432301737,962,587,14,1988,715,0.735479095,440780,103482,0.809867307,2012,745,0.729778742,"1,542,446","416,797",0.787266306,N/A,0,0.354,-3,-10,129.2969,109.6875,0.523,1.872,0.0235,-0.0016,1.349,-0.011
1/23/2015,28.245,BUY,BUY,BUY,BUY,SELL,,15,BUY,BUY,BUY,BUY,BUY,BUY,BUY,BUY,15,0.16,27.3525,15,15,27.728,0.146,109,63,0.633720893,273,163,0.626146775,476,324,0.594999993,930,324,15,1197,1465,0.449661907,243366,192765,0.55801124,1207,1512,0.443913202,"931,558","695,068",0.572693416,N/A,0.6311,0.3569,-2,-9,129.8281,109.7578,0.49,1.789,-0.0631,-0.0443,1.299,-0.0371
1/26/2015,28.275,BUY,BUY,BUY,BUY,BUY,,16,BUY,BUY,BUY,BUY,BUY,BUY,BUY,BUY,16,0.16,27.61416667,16,16,28.002,0.091,106,68,0.609195367,308,170,0.644351451,537,371,0.591409685,924,371,16,1735,983,0.63833701,316209,159423,0.664818599,1784,986,0.644043319,"1,096,988","584,656",0.652330695,N/A,2.1156,0.397,-1,-8,129.5469,109.7109,0.515,1.828,0.051,0.0218,1.313,0.0108
1/27/2015,27.285,BUY,BUY,BUY,BUY,SELL,,17,BUY,BUY,BUY,BUY,BUY,BUY,BUY,BUY,17,0.82,27.74541667,17,17,27.976,-0.009,81,61,0.570422495,237,193,0.551162778,362,394,0.478835973,536,394,17,1013,1666,0.378126165,129437,358576,0.265232688,1026,1710,0.374999999,"564,378","1,331,835",0.297634285,N/A,0,0.4183,0,-7,129.6094,109.7109,0.515,1.828,0,0,1.313,0
1/28/2015,28.8275,BUY,BUY,BUY,BUY,BUY,index,18,BUY,BUY,BUY,BUY,BUY,BUY,BUY,BUY,18,0.5787,28.02,18,18,28.158,0.061,100,89,0.529100501,230,301,0.433145001,414,634,0.395038164,570,634,18,643,2046,0.239122349,135033,430314,0.238849768,660,2078,0.241051862,"559,911","1,518,675",0.269371101,N/A,0,0.3058,-61,-6,130.4531,109.8125,0.465,1.719,-0.0971,-0.0596,1.254,-0.0449
1/29/2015,29.725,BUY,BUY,BUY,BUY,SELL,,19,BUY,BUY,BUY,BUY,BUY,BUY,BUY,HOLD,19,0.635,28.40958333,19,19,28.528,0.123,47,123,0.276470572,133,377,0.260784309,255,838,0.233302834,366,838,19,1779,873,0.670814477,389146,166891,0.699856305,1815,897,0.669247785,"1,392,958","661,506",0.678015288,N/A,0.014,0.29,-60,-5,130.1875,109.7734,0.52,1.756,0.1183,0.0215,1.236,-0.0144
1/30/2015,29.29,BUY,BUY,BUY,BUY,BUY,,20,BUY,BUY,BUY,BUY,BUY,BUY,BUY,HOLD,20,0.31,28.60791667,20,20,28.782,0.085,51,113,0.310975591,152,379,0.286252349,300,884,0.253378376,416,884,20,695,2006,0.257312106,141031,526985,0.211119195,689,2039,0.252565981,"530,079","1,635,230",0.244805245,N/A,0.1208,0.3134,-59,-4,131.1094,109.9141,0.453,1.639,-0.1288,-0.0666,1.186,-0.0405
2/2/2015,29.6575,BUY,BUY,BUY,BUY,BUY,0,21,BUY,BUY,BUY,BUY,BUY,BUY,BUY,HOLD,21,0.14,28.84333333,21,21,29.375,0.198,32,94,0.253968234,138,440,0.238754321,287,1008,0.22162162,384,"1,008",21,1697,979,0.634155454,399290,158151,0.716291051,1740,988,0.63782991,"1,389,259","577,712",0.706293585,N/A,0,0.2887,-58,-3,130.9375,109.9062,0.468,1.674,0.0331,0.0214,1.206,0.0169
2/3/2015,29.6625,BUY,BUY,BUY,BUY,SELL,1,22,BUY,BUY,BUY,BUY,BUY,BUY,BUY,BUY,22,0.1075,29.07458333,22,22,29.584,0.07,82,47,0.635658865,353,170,0.674952186,616,364,0.628571422,897,364,22,1966,745,0.725193653,482275,99315,0.829235372,2025,754,0.728679378,"1,680,207","443,059",0.791331373,N/A,0.0005,0.273,-57,-2,129.9688,109.8047,0.516,1.798,0.1026,0.0741,1.282,0.063
2/4/2015,29.89,BUY,BUY,BUY,BUY,BUY,2,23,BUY,BUY,BUY,BUY,BUY,BUY,BUY,BUY,23,0.265,29.50875,23,23,29.625,0.014,89,39,0.695312446,291,140,0.675173998,494,339,0.593037208,720,339,23,1056,1604,0.39699248,275972,294623,0.483656534,1047,1680,0.383938392,"1,072,555","1,086,293",0.49681821,N/A,0.033,0.2806,-56,-1,130.3438,109.8516,0.484,1.747,-0.062,-0.0284,1.263,-0.0148
2/5/2015,29.985,BUY,BUY,BUY,BUY,BUY,3,24,BUY,BUY,BUY,BUY,BUY,BUY,BUY,BUY,24,0.02,29.70166667,24,24,29.799,0.058,107,38,0.737930984,386,108,0.781376502,633,216,0.74558303,935,216,24,1966,698,0.737987985,387513,128248,0.751342191,2022,720,0.73741794,"1,498,466","500,216",0.74972707,N/A,1.4314,0.2709,-55,0,129.8125,109.7891,0.524,1.817,0.0826,0.0401,1.293,0.0238
2/6/2015,29.7325,BUY,BUY,BUY,BUY,SELL,4,25,BUY,BUY,BUY,BUY,BUY,BUY,BUY,BUY,25,0.2725,29.70291667,25,25,29.818,0.006,117,35,0.769736791,430,98,0.814393924,691,262,0.725078691,990,262,25,1239,1415,0.4668425,229372,286902,0.444283462,1251,1463,0.460943255,"906,955","1,082,633",0.455850659,N/A,0,0.2836,-54,-62,128.5469,109.5156,0.647,1.958,0.2347,0.0776,1.311,0.0139
2/9/2015,29.93,BUY,BUY,BUY,BUY,SELL,5,26,BUY,BUY,BUY,BUY,BUY,HOLD,BUY,BUY,26,0.2925,29.80958333,26,26,29.884,0.022,60,34,0.638297804,258,133,0.65984653,413,323,0.561141297,581,323,26,989,1704,0.36724842,167512,263086,0.389021779,1012,1727,0.36947791,"650,654","935,866",0.41011396,N/A,0,0.2728,-53,-61,128.3906,109.5,0.652,1.978,0.0077,0.0102,1.326,0.0114
2/10/2015,30.505,BUY,BUY,BUY,BUY,BUY,6,27,BUY,BUY,BUY,BUY,BUY,HOLD,BUY,BUY,27,0.465,29.95083333,27,27,30.038,0.051,72,45,0.615384563,268,154,0.635071075,409,484,0.458006714,562,484,27,1636,1045,0.610220065,343397,112850,0.752655908,1670,1074,0.608600581,"1,274,277","454,830",0.736956707,N/A,0,0.2564,-52,-60,128.3281,109.5078,0.656,2.004,0.0061,0.0131,1.348,0.0166
2/11/2015,31.22,BUY,BUY,BUY,BUY,BUY,7,28,BUY,BUY,BUY,BUY,BUY,HOLD,HOLD,BUY,28,0.5275,30.21041667,28,28,30.347,0.103,95,56,0.629139031,286,155,0.648526062,417,538,0.43664921,599,538,28,1192,1443,0.452371915,242601,203532,0.54378627,1194,1484,0.445855114,"971,815","769,910",0.557961217,N/A,0.0004,0.2589,-51,-59,128.0781,109.4922,0.672,2.021,0.0244,0.0085,1.349,0.0007
2/12/2015,31.615,BUY,BUY,BUY,BUY,BUY,8,29,BUY,BUY,BUY,BUY,BUY,HOLD,HOLD,HOLD,29,0.1,30.49791667,29,29,30.818,0.157,152,28,0.844444398,430,104,0.805243431,623,330,0.653725072,792,330,29,1881,779,0.707142854,374705,124299,0.750905804,1926,807,0.704720085,"1,469,517","547,336",0.728618794,N/A,0,0.2749,-50,-58,128.4375,109.5703,0.632,1.988,-0.0595,-0.0163,1.356,0.0052
2/13/2015,31.77,BUY,BUY,BUY,BUY,SELL,9,30,BUY,BUY,BUY,BUY,BUY,HOLD,HOLD,BUY,30,0.05,30.79541667,30,30,31.278,0.153,162,31,0.839378195,522,96,0.844660181,731,277,0.725198406,949,277,30,1685,985,0.63108614,326749,146609,0.690278816,1713,993,0.633037692,"1,255,688","633,769",0.664576119,N/A,0.0602,0.2569,-49,-57,128.0781,109.5469,0.645,2.047,0.0206,0.0297,1.402,0.0339
2/17/2015,31.9575,BUY,BUY,BUY,BUY,SELL,10,31,BUY,BUY,BUY,BUY,BUY,HOLD,HOLD,BUY,31,0.085,31.16625,31,31,31.641,0.121,216,54,0.79999997,786,199,0.797969535,1022,463,0.688215484,1244,463,31,1538,1169,0.568156629,281732,183055,0.606152926,1526,1204,0.558974357,"1,118,137","614,454",0.645355424,N/A,0.5836,0.2681,-48,-56,127.3438,109.5156,0.666,2.145,0.0326,0.0479,1.479,0.0549
2/18/2015,32.1788,BUY,BUY,BUY,BUY,SELL,11,32,BUY,BUY,BUY,BUY,BUY,HOLD,HOLD,HOLD,32,0.2725,31.54105,32,32,31.88,0.08,218,69,0.759581855,780,220,0.779999992,1031,491,0.677398156,1250,491,32,1383,1287,0.517977526,219515,203463,0.518974982,1426,1305,0.522153056,"863,692","793,460",0.521190573,N/A,4.43,0.2499,-47,-55,127.9688,109.6406,0.605,2.085,-0.0916,-0.028,1.48,0.0007
2/19/2015,32.1125,BUY,BUY,BUY,BUY,BUY,12,33,BUY,BUY,BUY,BUY,HOLD,HOLD,HOLD,HOLD,33,0.0025,31.80896667,33,33,32.005,0.041,241,68,0.77993525,818,233,0.778306367,1084,492,0.687817255,1293,492,33,1398,1233,0.531356896,221162,170437,0.564766509,1438,1258,0.533382787,"865,633","690,764",0.556177505,N/A,0.4942,0.2487,-46,-54,127.5625,109.5938,0.621,2.122,0.0264,0.0177,1.501,0.0142
2/20/2015,32.3738,BUY,BUY,BUY,BUY,BUY,13,34,BUY,BUY,BUY,BUY,HOLD,HOLD,HOLD,HOLD,34,0.2063,32.00126667,34,34,32.156,0.05,264,67,0.797583057,857,233,0.786238525,1121,538,0.675708254,1308,538,34,1394,1252,0.526832953,312651,158638,0.663395496,1445,1271,0.532032399,"1,091,393","627,957",0.634770698,N/A,0.0262,0.2484,-45,-53,127.5781,109.5781,0.642,2.115,0.0338,-0.0033,1.473,-0.0187
2/23/2015,33.25,BUY,BUY,BUY,BUY,BUY,14,35,BUY,BUY,BUY,BUY,HOLD,HOLD,HOLD,SELL,35,0.71,32.27376667,35,35,32.479,0.108,129,43,0.749999956,382,146,0.723484835,520,738,0.413354528,660,738,35,1232,1479,0.454444853,216870,241015,0.473634209,1181,1548,0.432759251,"831,504","866,610",0.489663238,N/A,0,0.2647,-44,-52,127.3281,109.2031,0.606,2.061,-0.0561,-0.0255,1.455,-0.0122
2/24/2015,33.0425,HOLD,BUY,BUY,SELL,BUY,15,36,BUY,BUY,BUY,BUY,HOLD,HOLD,SELL,HOLD,36,0.1925,32.48585,36,36,32.695,0.072,160,33,0.829015501,475,121,0.796979852,639,436,0.594418599,765,436,36,1484,1179,0.557266239,241224,200498,0.54609913,1575,1148,0.578406168,"942,775","834,873",0.530349653,N/A,55.6329,0.2605,-43,-51,128.0781,109.3359,0.553,1.972,-0.0875,-0.0432,1.419,-0.0247
2/25/2015,32.1975,HOLD,BUY,BUY,SELL,SELL,16,37,BUY,BUY,BUY,HOLD,HOLD,HOLD,SELL,HOLD,37,0.6925,32.52585,37,37,32.716,0.007,140,21,0.869565163,453,104,0.813285443,597,402,0.597597592,727,402,37,1490,1168,0.560571856,235995,202717,0.537926932,1465,1238,0.541990379,"977,289","821,085",0.543429231,N/A,0.0266,0.2776,-42,-50,128.1094,109.3125,0.607,1.972,0.0976,0,1.365,-0.0381
2/26/2015,32.6037,HOLD,BUY,BUY,SELL,SELL,17,38,BUY,BUY,BUY,HOLD,HOLD,HOLD,HOLD,SELL,38,0.4075,32.59666667,38,38,32.773,0.019,155,26,0.856353544,468,96,0.829787219,614,390,0.611553779,783,390,38,1440,1271,0.531169308,266353,188884,0.585086449,1513,1200,0.557685217,"1,091,056","781,017",0.582806333,N/A,0,0.2849,-41,-49,127.5312,109.2344,0.654,2.031,0.0774,0.0299,1.377,0.0088
2/27/2015,32.115,HOLD,BUY,BUY,SELL,SELL,18,39,BUY,BUY,BUY,HOLD,HOLD,HOLD,HOLD,HOLD,39,0.385,32.59708333,39,39,32.49,-0.095,112,32,0.777777724,388,136,0.740458001,530,459,0.535894838,652,459,39,1038,1642,0.387313431,188587,309265,0.378801331,1048,1693,0.382342209,"740,004","1,106,168",0.400831558,N/A,0.2714,0.2907,-40,-48,127.8125,109.2969,0.622,1.996,-0.0489,-0.0172,1.374,-0.0022
3/2/2015,32.2725,HOLD,BUY,BUY,SELL,SELL,19,40,BUY,BUY,BUY,HOLD,HOLD,HOLD,HOLD,HOLD,40,0.0625,32.5802,40,40,32.297,-0.064,376,106,0.780082971,1084,328,0.767705377,1318,642,0.672448976,1483,642,40,1793,913,0.662601624,356756,126300,0.738539631,1792,960,0.651162788,"1,350,372","534,040",0.716601253,N/A,0.7798,0.281,-39,-47,127.1406,109.2031,0.662,2.089,0.0643,0.0466,1.427,0.0386
3/3/2015,32.34,HOLD,BUY,BUY,SELL,BUY,20,41,BUY,BUY,BUY,HOLD,HOLD,HOLD,HOLD,SELL,41,0.1,32.42853333,41,41,32.333,0.012,360,114,0.759493655,1068,361,0.747375782,1289,666,0.659335035,1443,666,41,959,1723,0.357568977,169171,326111,0.341565007,945,1785,0.346153845,"769,006","1,192,962",0.391956444,N/A,10.7956,0.276,-38,-46,126.8438,109.1641,0.682,2.122,0.0302,0.0158,1.44,0.0091
3/4/2015,32.135,HOLD,BUY,BUY,SELL,BUY,21,42,BUY,BUY,BUY,HOLD,HOLD,HOLD,HOLD,SELL,42,0.14,32.27728333,42,42,32.216,-0.039,344,131,0.724210511,1003,391,0.71951219,1208,723,0.625582596,1357,723,42,1092,1583,0.408224298,201788,245199,0.451440422,1113,1591,0.411612425,"835,118","951,109",0.467531842,N/A,0.5282,0.2773,-37,-45,126.9375,109.2031,0.659,2.119,-0.0337,-0.0014,1.46,0.0139
3/5/2015,31.6025,HOLD,BUY,BUY,SELL,BUY,22,43,BUY,BUY,BUY,HOLD,HOLD,HOLD,HOLD,HOLD,43,0.545,32.17811667,43,43,32.088,-0.043,100,43,0.69930065,319,161,0.664583319,421,611,0.407945732,560,611,43,1534,1112,0.579743006,256871,172111,0.598792024,1556,1158,0.573323506,"1,001,080","693,817",0.590643561,N/A,6.307,0.2852,-36,-44,127.0469,109.2422,0.643,2.117,-0.0243,-0.0009,1.474,0.0096
3/6/2015,31.65,HOLD,BUY,BUY,SELL,BUY,23,44,BUY,BUY,BUY,HOLD,HOLD,HOLD,HOLD,HOLD,44,0.4575,32.01916667,44,44,31.932,-0.052,69,54,0.560975564,263,297,0.469642849,348,903,0.278177456,467,903,44,815,1906,0.299522233,134761,350597,0.277652784,836,1930,0.302241503,"576,841","1,318,512",0.30434489,N/A,20.6157,0.295,-35,-43,126.0469,109.0391,0.727,2.247,0.1306,0.0614,1.52,0.0312
3/9/2015,31.785,HOLD,BUY,BUY,SELL,BUY,24,45,BUY,BUY,BUY,HOLD,HOLD,HOLD,HOLD,HOLD,45,0.205,31.96416667,45,45,31.793,-0.046,68,66,0.507462649,225,286,0.440313103,295,745,0.283653843,405,745,45,1480,1220,0.548148146,251071,158664,0.612764348,1520,1217,0.555352574,"985,196","658,621",0.599334354,N/A,0.6139,0.2676,-34,-42,126.4531,109.125,0.696,2.192,-0.0426,-0.0245,1.496,-0.0158
3/10/2015,31.1275,HOLD,BUY,BUY,SELL,SELL,25,46,BUY,BUY,BUY,HOLD,HOLD,HOLD,HOLD,HOLD,46,0.475,31.77333333,46,46,31.541,-0.084,63,112,0.359999979,215,560,0.277419351,279,1356,0.170642201,397,"1,356",46,630,2071,0.233246945,75497,404616,0.157248398,661,2081,0.241064915,"340,026","1,502,808",0.18451255,N/A,0.6875,0.2784,-33,-41,126.8906,109.1641,0.68,2.121,-0.023,-0.0324,1.441,-0.0368
3/11/2015,30.56,HOLD,BUY,BUY,SELL,SELL,26,47,BUY,BUY,BUY,HOLD,HOLD,HOLD,HOLD,BUY,47,0.6275,31.47666667,47,47,31.281,-0.087,83,124,0.400966164,249,587,0.297846886,348,1396,0.199541283,560,"1,396",47,1545,1156,0.572010364,251904,216330,0.537987417,1526,1190,0.561855668,"958,572","835,936",0.534169811,N/A,0,0.285,-32,-40,127,109.1797,0.684,2.109,0.0059,-0.0057,1.425,-0.0111
3/12/2015,31.1125,HOLD,BUY,BUY,SELL,SELL,27,48,BUY,BUY,BUY,HOLD,HOLD,HOLD,HOLD,HOLD,48,0.535,31.30625,48,48,31.146,-0.045,152,118,0.562962942,445,469,0.486870892,606,1259,0.324932974,944,"1,259",48,1923,782,0.710905728,315155,150949,0.676147383,1976,771,0.719330176,"1,182,002","634,863",0.650572277,N/A,89.4286,0.2418,-31,-39,127.0156,109.2109,0.664,2.11,-0.0292,0.0005,1.446,0.0147
3/13/2015,30.8975,HOLD,BUY,BUY,SELL,SELL,28,49,BUY,BUY,BUY,HOLD,HOLD,HOLD,HOLD,HOLD,49,0.2,31.18875,49,49,30.924,-0.074,163,115,0.586330914,474,524,0.474949895,657,1348,0.327680796,1130,"1,348",49,1078,1585,0.404806608,163647,291639,0.359437804,1059,1647,0.391352548,"655,453","1,141,926",0.364671558,N/A,0.8004,0.2641,-30,-38,127.0781,109.2188,0.661,2.118,-0.0045,0.0038,1.457,0.0076
3/16/2015,31.2375,HOLD,BUY,BUY,SELL,SELL,29,50,BUY,BUY,BUY,HOLD,HOLD,HOLD,HOLD,HOLD,50,0.3175,31.12,50,50,30.952,0.009,236,130,0.644808726,575,539,0.516157985,799,403,0.664725452,682,403,50,1544,1190,0.564740305,302840,129616,0.700279335,1548,1202,0.562909089,"1,097,386","571,707",0.657474449,N/A,0,0.2519,-29,-37,127.3906,109.25,0.653,2.074,-0.0121,-0.0208,1.421,-0.0247
3/17/2015,31.76,HOLD,BUY,BUY,SELL,BUY,30,51,BUY,BUY,BUY,HOLD,HOLD,HOLD,HOLD,HOLD,51,0.285,31.11583333,51,51,31.252,0.1,135,93,0.592105237,334,452,0.424936381,471,1324,0.262395542,1033,"1,324",51,1413,1275,0.525669641,221954,209082,0.514931467,1379,1334,0.5082934,"861,755","809,692",0.51557423,N/A,0,0.2548,-28,-36,127.5312,109.2031,0.674,2.052,0.0322,-0.0106,1.378,-0.0303
3/18/2015,32.1175,HOLD,BUY,BUY,SELL,BUY,31,52,BUY,BUY,BUY,HOLD,HOLD,HOLD,HOLD,SELL,52,0.2975,31.28083333,52,52,31.503,0.084,192,76,0.716417884,448,350,0.561403502,691,913,0.430798002,1217,913,52,1599,1106,0.591127539,346400,137794,0.715415722,1675,1041,0.616715756,"1,326,589","553,328",0.705663601,N/A,0,0.2408,-27,-35,128.7656,109.4844,0.556,1.918,-0.1751,-0.0653,1.362,-0.0116
3/19/2015,31.8738,HOLD,BUY,BUY,SELL,BUY,32,53,BUY,BUY,BUY,HOLD,HOLD,HOLD,HOLD,SELL,53,0.3137,31.4998,53,53,31.747,0.081,175,43,0.802752257,368,175,0.677716378,595,468,0.559736589,909,468,53,1457,1255,0.537241886,204374,205810,0.498249566,1438,1290,0.527126098,"841,443","806,359",0.510645697,N/A,0.8186,0.2467,-26,-34,128.25,109.3672,0.613,1.97,0.1025,0.0271,1.357,-0.0037
3/20/2015,31.475,HOLD,BUY,BUY,SELL,BUY,33,54,BUY,BUY,BUY,HOLD,HOLD,HOLD,HOLD,HOLD,54,0.6,31.56021667,54,54,31.807,0.02,253,47,0.843333305,594,161,0.786754956,1019,409,0.713585429,1309,409,54,1619,1152,0.584265606,791515,343196,0.697547658,1660,1117,0.597767373,"1,743,805","848,441",0.67270043,N/A,51.6667,0.2406,-25,-33,128.6719,109.4375,0.585,1.932,-0.0457,-0.0193,1.347,-0.0074
3/23/2015,31.8025,HOLD,BUY,BUY,SELL,BUY,34,55,BUY,BUY,BUY,HOLD,HOLD,HOLD,HOLD,HOLD,55,0.0225,31.71105,55,55,31.817,0.004,173,44,0.797234986,465,166,0.736925503,916,383,0.705157808,938,383,55,1447,1273,0.531985292,174284,233108,0.427804179,1466,1293,0.531351937,"686,876","881,378",0.437987724,N/A,0.6378,0.2589,-24,-32,128.875,109.4531,0.577,1.909,-0.0137,-0.0119,1.332,-0.0111
3/24/2015,31.6725,HOLD,BUY,BUY,SELL,BUY,35,56,BUY,BUY,BUY,HOLD,HOLD,HOLD,HOLD,HOLD,56,0.135,31.78355,56,56,31.706,-0.037,118,29,0.802721034,356,122,0.744769859,639,307,0.67547568,696,307,56,1303,1379,0.485831467,144327,250884,0.365189734,1282,1418,0.474814813,"620,264","947,256",0.395697663,N/A,0,0.2615,-23,-31,129.1719,109.5,0.561,1.873,-0.0277,-0.0189,1.312,-0.015
3/25/2015,30.845,HOLD,BUY,BUY,SELL,SELL,36,57,BUY,BUY,BUY,HOLD,HOLD,BUY,HOLD,HOLD,57,0.79,31.63105,57,57,31.449,-0.086,71,42,0.628318528,199,346,0.365137608,377,915,0.291795663,438,915,57,484,2216,0.179259259,79058,462851,0.145887963,505,2248,0.183436251,"386,690","1,788,033",0.177811151,N/A,0,0.3003,-22,-30,128.75,109.4609,0.606,1.927,0.0802,0.0288,1.321,0.0069
3/26/2015,31.06,HOLD,BUY,BUY,SELL,SELL,37,58,BUY,BUY,BUY,HOLD,HOLD,HOLD,HOLD,HOLD,58,0.37,31.4548,58,58,31.345,-0.035,22,57,0.278480977,94,497,0.159052451,181,1268,0.124913733,244,"1,268",58,1211,1461,0.453218561,211464,299219,0.414080751,1194,1496,0.443866169,"838,205","1,117,759",0.428538051,N/A,0.678,0.3006,-21,-29,128.3594,109.4609,0.618,1.996,0.0198,0.0358,1.378,0.0431
3/27/2015,30.8125,HOLD,BUY,BUY,SELL,SELL,38,59,BUY,BUY,BUY,HOLD,HOLD,BUY,HOLD,BUY,59,0.3375,31.27791667,59,59,31.098,-0.082,38,51,0.426966244,110,236,0.317919066,183,629,0.225369455,251,629,59,1567,1118,0.583612661,283609,156717,0.644088698,1575,1123,0.58376575,"1,049,381","586,212",0.641590542,N/A,0.1945,0.3162,-20,-28,128.5156,109.5078,0.598,1.96,-0.0324,-0.018,1.362,-0.0116
3/30/2015,31.5925,HOLD,BUY,BUY,SELL,SELL,39,60,BUY,BUY,BUY,HOLD,HOLD,HOLD,HOLD,HOLD,60,0.58,31.2975,60,60,31.078,-0.007,109,49,0.689873374,290,196,0.596707807,372,410,0.475703319,523,410,60,1875,854,0.687064856,305461,130304,0.700976444,1845,891,0.674342103,"1,195,152","549,682",0.68496602,N/A,0.0086,0.2958,-19,-27,128.7031,109.5312,0.583,1.953,-0.0251,-0.0036,1.37,0.0059
3/31/2015,31.1075,HOLD,BUY,BUY,SELL,SELL,40,61,BUY,BUY,BUY,HOLD,HOLD,HOLD,HOLD,HOLD,61,0.4175,31.18166667,61,61,31.143,0.022,83,43,0.658730106,233,230,0.50323973,331,504,0.396407181,471,504,61,1067,1622,0.396801784,143067,381543,0.272711157,1086,1652,0.396639882,"511,582","1,228,347",0.294024641,N/A,0,0.3082,-18,-26,128.9688,109.5781,0.559,1.927,-0.0412,-0.0133,1.368,-0.0015
4/1/2015,31.0625,HOLD,BUY,BUY,SELL,SELL,41,62,BUY,BUY,BUY,HOLD,HOLD,HOLD,HOLD,HOLD,62,0.14,31.08,62,62,31.144,0,90,65,0.580645124,223,322,0.409174304,325,652,0.332650969,479,652,62,1243,1442,0.46294227,172223,293187,0.370045766,1276,1451,0.467913456,"692,310","1,084,363",0.389666528,N/A,0.6801,0.3146,-17,-25,129.4531,109.6172,0.539,1.859,-0.0358,-0.0353,1.32,-0.0351
